Record_Id, Create_Date, PNR, Entry_Type, Customer_Name, Customer_Email, Airline_Code, Date_Of_Journey
0,2019-07-17T08:18:00.000+05:30,HQHFRC,Modify,Faith Dorrough  ,25ilmndttp@yahoo.com,DAL,2019-07-14T12:05:00.000+05:30
1,2019-07-17T19:03:00.000+05:30,OFTCJJ,Cancel,Ethan Goods  ,2pd6fy3oey@yahoo.com,DAL,2019-07-07T13:22:00.000+05:30
2,2019-07-24T19:00:00.000+05:30,PHG9WG,Book,Erma Terrill  ,x7pcyoxyb8@gmail.com,QFA,2019-07-02T05:17:00.000+05:30
3,2019-07-21T10:19:00.000+05:30,96U05J,Modify,Catheryn Pontious  ,cnugx5axak@hotmail.com,QFA,2019-07-05T20:29:00.000+05:30
4,2019-07-27T10:45:00.000+05:30,J3X02I,Cancel,Lakia Sanner  ,m8nzkmfvqz@gmail.com,COA,2019-07-10T14:11:00.000+05:30
5,2019-07-29T04:51:00.000+05:30,SN7DUN,Modify,Hipolito Richburg  ,g0j7jeii03@yahoo.com,DLH,2019-07-12T06:46:00.000+05:30
6,2019-07-16T08:00:00.000+05:30,R5X1AP,Cancel,Lauretta Bongiovanni  ,i8gg6rr3rj@gmail.com,SQC,2019-07-05T15:29:00.000+05:30
7,2019-07-18T01:13:00.000+05:30,GA9T7E,Cancel,Anibal Barns  ,n8f24i9lt9@hotmail.com,COA,2019-07-04T16:19:00.000+05:30
8,2019-07-27T14:37:00.000+05:30,CTF8P8,Book,Carlos Kivett  ,t3tyyazchp@hotmail.com,QFA,2019-07-04T07:36:00.000+05:30
9,2019-07-21T16:33:00.000+05:30,71BVT6,Cancel,Natisha Yancey  ,olk0mn7rfo@hotmail.com,COA,2019-07-14T23:03:00.000+05:30
10,2019-07-25T06:12:00.000+05:30,J6LY8F,Book,Katheleen Start  ,z31squcgqe@hotmail.com,DLH,2019-07-14T16:47:00.000+05:30
11,2019-07-18T12:02:00.000+05:30,5RDL3B,Book,Frieda Symes  ,gqjej76prx@gmail.com,SQC,2019-07-06T11:42:00.000+05:30
12,2019-07-29T04:14:00.000+05:30,MTJFU3,Book,Joana Surita  ,kgugxjd4zx@hotmail.com,COA,2019-07-06T05:19:00.000+05:30
13,2019-07-29T11:57:00.000+05:30,2ZNSIQ,Book,Corina Violet  ,ug49wtffsw@hotmail.com,DAL,2019-07-05T11:31:00.000+05:30
14,2019-07-17T05:07:00.000+05:30,IM8BP1,Book,Colin Whitener  ,za23c1329f@gmail.com,DLH,2019-07-09T13:37:00.000+05:30
15,2019-07-29T20:42:00.000+05:30,IPTW3F,Book,Oscar Ciccone  ,mlbq6i1bo9@gmail.com,DAL,2019-07-04T23:41:00.000+05:30
16,2019-07-27T18:30:00.000+05:30,TSKIR1,Cancel,Millard Constante  ,siw2lyvieb@yahoo.com,DAL,2019-07-15T10:34:00.000+05:30
17,2019-07-25T18:03:00.000+05:30,TP8WZO,Book,Vernell Strosnider  ,zegvwcrt5b@hotmail.com,DAL,2019-07-13T00:31:00.000+05:30
18,2019-07-25T00:24:00.000+05:30,7BYBNV,Book,Tashia Alix  ,5g2ueg4upi@yahoo.com,QFA,2019-07-14T00:33:00.000+05:30
19,2019-07-18T20:29:00.000+05:30,KZFEF1,Modify,Elodia Trombly  ,zuulz4z551@gmail.com,DLH,2019-07-08T09:28:00.000+05:30
20,2019-07-29T02:06:00.000+05:30,UBTOJM,Book,Antonio Salva  ,gag3g8gegd@yahoo.com,DAL,2019-07-09T18:03:00.000+05:30
21,2019-07-29T01:46:00.000+05:30,5BZB02,Modify,Jamaal Sauer  ,ei8ysexdnc@yahoo.com,DLH,2019-07-03T18:46:00.000+05:30
22,2019-07-27T00:19:00.000+05:30,50KQPB,Book,Virgen Hamamoto  ,dy269j4r69@gmail.com,DLH,2019-07-07T20:02:00.000+05:30
23,2019-07-18T01:37:00.000+05:30,TDHBYR,Modify,Rhona Drozd  ,rh1p4t6pyo@yahoo.com,DAL,2019-07-09T05:33:00.000+05:30
24,2019-07-27T04:19:00.000+05:30,WQVTUS,Book,Teresia Parisien  ,yaxliqi4o5@gmail.com,DAL,2019-07-09T18:44:00.000+05:30
25,2019-07-28T06:37:00.000+05:30,OQV1YS,Book,Nikki Haws  ,snbvnjgxur@hotmail.com,SQC,2019-07-01T08:26:00.000+05:30
26,2019-07-18T21:01:00.000+05:30,FAUA0Q,Book,Judie Croston  ,4bk0gr3uqk@gmail.com,DLH,2019-07-01T15:54:00.000+05:30
27,2019-07-19T09:37:00.000+05:30,6H01YH,Book,Veronique Santillo  ,s5e1e1kaeq@hotmail.com,DLH,2019-07-02T08:00:00.000+05:30
28,2019-07-30T22:21:00.000+05:30,7EY4O4,Cancel,Elliot Theroux  ,exhco3llpr@gmail.com,SQC,2019-07-04T06:08:00.000+05:30
29,2019-07-21T16:41:00.000+05:30,RRDGHH,Book,Gerald Ramm  ,n3h9q4niva@gmail.com,COA,2019-07-03T23:54:00.000+05:30
30,2019-07-24T22:16:00.000+05:30,LNQAZN,Cancel,Antonietta Greenwood  ,qq421z77n3@hotmail.com,SQC,2019-07-04T08:14:00.000+05:30
31,2019-07-26T05:13:00.000+05:30,PU5MXD,Modify,Tula Bermeo  ,slqvd7o1of@gmail.com,DLH,2019-07-10T18:48:00.000+05:30
32,2019-07-17T16:52:00.000+05:30,UH4MBQ,Book,Wilma Goehring  ,t6vzzodbjt@hotmail.com,SQC,2019-07-08T02:59:00.000+05:30
33,2019-07-27T08:55:00.000+05:30,B7KYCO,Book,Conception Kreidler  ,jyc2rv7ly3@yahoo.com,QFA,2019-07-05T12:18:00.000+05:30
34,2019-07-17T20:20:00.000+05:30,GJP13L,Cancel,Jodie Lossett  ,jsdwx6iyqu@hotmail.com,DLH,2019-07-10T08:21:00.000+05:30
35,2019-07-23T12:12:00.000+05:30,C0BBD1,Modify,Alleen Pasternak  ,o73vpjcy18@gmail.com,COA,2019-07-09T03:27:00.000+05:30
36,2019-07-24T02:03:00.000+05:30,I7KNUF,Book,Garry Shick  ,kz6yy38fv2@hotmail.com,DAL,2019-07-07T16:01:00.000+05:30
37,2019-07-21T22:24:00.000+05:30,KRHC9Q,Cancel,Ricarda Klosterman  ,brzj8i2zg8@yahoo.com,DLH,2019-07-02T22:47:00.000+05:30
38,2019-07-25T17:46:00.000+05:30,QD0IL8,Cancel,Al Tolan  ,erkuztognn@hotmail.com,DLH,2019-07-11T06:48:00.000+05:30
39,2019-07-29T05:00:00.000+05:30,RDI6KD,Cancel,Gudrun Munsterman  ,vjczjalx1c@hotmail.com,COA,2019-07-04T00:49:00.000+05:30
40,2019-07-23T12:16:00.000+05:30,9NXD7J,Modify,Rhonda Routt  ,iwmkst5ncv@gmail.com,COA,2019-07-08T15:13:00.000+05:30
41,2019-07-20T22:54:00.000+05:30,S6HFJX,Modify,Phyliss Heckathorn  ,gztem27vbf@hotmail.com,SQC,2019-07-09T15:02:00.000+05:30
42,2019-07-28T08:53:00.000+05:30,2KZTEH,Cancel,Russel Baver  ,sai7jfy53t@gmail.com,SQC,2019-07-03T02:06:00.000+05:30
43,2019-07-30T11:09:00.000+05:30,1GNECT,Cancel,Leoma Burgher  ,gt2jliap16@hotmail.com,DAL,2019-07-06T14:53:00.000+05:30
44,2019-07-16T21:05:00.000+05:30,D2IGP6,Book,Weston Sullins  ,aj92lmhhtr@gmail.com,DAL,2019-07-10T23:51:00.000+05:30
45,2019-07-16T00:41:00.000+05:30,46CKYH,Modify,Haywood Dewalt  ,bkcorpey8a@gmail.com,DAL,2019-07-13T07:43:00.000+05:30
46,2019-07-27T18:42:00.000+05:30,JJAOTC,Cancel,Tony Cowher  ,4ub3g7qq4h@yahoo.com,DLH,2019-07-04T11:06:00.000+05:30
47,2019-07-19T06:04:00.000+05:30,NSU4V4,Cancel,Willette Devereaux  ,mmfclh0471@gmail.com,DLH,2019-07-03T18:17:00.000+05:30
48,2019-07-22T12:41:00.000+05:30,0NPE24,Modify,Irma Frechette  ,p4vjx6p1ox@hotmail.com,QFA,2019-07-07T16:12:00.000+05:30
49,2019-07-20T21:03:00.000+05:30,GKR5JK,Cancel,Kurt Mcloughlin  ,fgxv3yzaz3@yahoo.com,QFA,2019-07-07T17:12:00.000+05:30
50,2019-07-26T16:10:00.000+05:30,NT73C3,Book,Romeo Bobb  ,4c2omeg4i9@yahoo.com,COA,2019-07-12T04:31:00.000+05:30
51,2019-07-18T19:35:00.000+05:30,ZYLPHM,Book,Gerda Donohoe  ,u6plg8svzj@hotmail.com,COA,2019-07-15T17:07:00.000+05:30
52,2019-07-22T01:05:00.000+05:30,5O170U,Modify,Rosalva Tardiff  ,x3o4qj681u@yahoo.com,DLH,2019-07-12T10:44:00.000+05:30
53,2019-07-18T02:33:00.000+05:30,Y9G9BD,Book,Catina Dewitt  ,t5lyvgmjr6@yahoo.com,QFA,2019-07-12T04:11:00.000+05:30
54,2019-07-16T22:19:00.000+05:30,Z0ZPD9,Modify,Bella Broomfield  ,zku001ffwt@yahoo.com,DAL,2019-07-11T01:24:00.000+05:30
55,2019-07-30T17:34:00.000+05:30,AM6FC3,Modify,Kristeen Willits  ,73c2o4ypb4@yahoo.com,QFA,2019-07-01T01:16:00.000+05:30
56,2019-07-17T01:23:00.000+05:30,9LOW3N,Cancel,Alessandra Henton  ,qi7vwpyr7n@hotmail.com,DLH,2019-07-05T06:59:00.000+05:30
57,2019-07-24T14:23:00.000+05:30,68JZ33,Book,Barney Lindon  ,57uelf8ucj@gmail.com,COA,2019-07-09T02:14:00.000+05:30
58,2019-07-25T08:41:00.000+05:30,2TYH4M,Book,Felicita Langford  ,oq8748g467@yahoo.com,DLH,2019-07-09T01:39:00.000+05:30
59,2019-07-29T20:32:00.000+05:30,HNVXDX,Cancel,Arminda Lush  ,lqkwhbugxo@gmail.com,DLH,2019-07-12T09:18:00.000+05:30
60,2019-07-19T05:26:00.000+05:30,2YLZKM,Cancel,Deborah Bumpers  ,ynwwd5n1qt@hotmail.com,DAL,2019-07-06T00:28:00.000+05:30
61,2019-07-21T20:18:00.000+05:30,INR4AY,Cancel,Hoyt Cogburn  ,6qc635ixfa@gmail.com,DAL,2019-07-02T17:35:00.000+05:30
62,2019-07-17T23:26:00.000+05:30,46268C,Cancel,Oscar Roemer  ,c4be8xryoo@yahoo.com,QFA,2019-07-09T01:25:00.000+05:30
63,2019-07-23T05:32:00.000+05:30,R18TWZ,Cancel,Britni Reis  ,5x8y7clym1@gmail.com,QFA,2019-07-11T12:05:00.000+05:30
64,2019-07-23T04:45:00.000+05:30,GHW11O,Book,Jean Lajoie  ,jk2eid1fum@hotmail.com,SQC,2019-07-06T06:55:00.000+05:30
65,2019-07-29T11:19:00.000+05:30,7VUPNB,Cancel,Milagro Simonsen  ,x2suzky20b@hotmail.com,SQC,2019-07-15T04:55:00.000+05:30
66,2019-07-26T21:26:00.000+05:30,T4WTRU,Book,Alethia Miraglia  ,ffcrnap1ly@hotmail.com,COA,2019-07-05T20:33:00.000+05:30
67,2019-07-18T03:32:00.000+05:30,LYE3JV,Cancel,Cleveland Fredrickson  ,ebjhjox9ie@gmail.com,DAL,2019-07-04T12:52:00.000+05:30
68,2019-07-27T18:37:00.000+05:30,3419AM,Book,Norine Ploof  ,ylmked03oo@hotmail.com,DAL,2019-07-14T23:46:00.000+05:30
69,2019-07-19T09:40:00.000+05:30,3GNE2O,Book,Jenette Arnhold  ,z4mkvqi7fn@gmail.com,COA,2019-07-01T04:31:00.000+05:30
70,2019-07-19T03:58:00.000+05:30,2Z5BRZ,Modify,Miles Raposo  ,0gilyalv4w@gmail.com,COA,2019-07-08T14:34:00.000+05:30
71,2019-07-23T09:52:00.000+05:30,AUCTWO,Modify,Odelia Laidlaw  ,k0viu7zfe3@gmail.com,COA,2019-07-11T09:55:00.000+05:30
72,2019-07-19T00:09:00.000+05:30,D07W62,Cancel,Delfina Bueno  ,jvss0572lh@yahoo.com,QFA,2019-07-13T18:34:00.000+05:30
73,2019-07-25T09:20:00.000+05:30,95L7CM,Book,Krystle Bednarczyk  ,u0w3nggxw5@yahoo.com,DLH,2019-07-07T01:38:00.000+05:30
74,2019-07-19T07:47:00.000+05:30,VBR061,Cancel,Maxwell Foree  ,5ksbd6fds1@yahoo.com,COA,2019-07-05T07:56:00.000+05:30
75,2019-07-23T11:08:00.000+05:30,ZC9HGA,Modify,Hortencia Kushner  ,x1mkcp0twu@gmail.com,DAL,2019-07-07T14:18:00.000+05:30
76,2019-07-19T03:54:00.000+05:30,2LIY6N,Book,Lucien Dam  ,mtyklfxfdy@yahoo.com,SQC,2019-07-13T12:58:00.000+05:30
77,2019-07-21T06:07:00.000+05:30,02VV0Y,Book,Guadalupe Abalos  ,3nzurrzhnx@hotmail.com,QFA,2019-07-03T21:47:00.000+05:30
78,2019-07-27T05:54:00.000+05:30,YWB2LP,Book,Fredda Minich  ,17pj04pxr0@yahoo.com,QFA,2019-07-06T03:20:00.000+05:30
79,2019-07-24T00:25:00.000+05:30,AHNQ76,Modify,Diane Matlock  ,yzvyji9vxi@gmail.com,QFA,2019-07-03T14:58:00.000+05:30
80,2019-07-21T04:48:00.000+05:30,4NBHEX,Cancel,Edie Santana  ,wthkxyt2lw@hotmail.com,COA,2019-07-13T02:56:00.000+05:30
81,2019-07-28T14:51:00.000+05:30,FKQG2P,Modify,Jung Mojarro  ,q3cxhd8x9v@hotmail.com,SQC,2019-07-10T12:54:00.000+05:30
82,2019-07-16T01:44:00.000+05:30,RXA614,Cancel,Zelma Yelverton  ,hi415o6a38@gmail.com,COA,2019-07-09T18:39:00.000+05:30
83,2019-07-27T12:47:00.000+05:30,2ISPJO,Cancel,Melany Wooten  ,sd6mb0neri@yahoo.com,SQC,2019-07-08T22:45:00.000+05:30
84,2019-07-22T05:16:00.000+05:30,I6HC9F,Modify,Cher Platter  ,oleom5q0wn@gmail.com,DAL,2019-07-15T12:30:00.000+05:30
85,2019-07-25T11:40:00.000+05:30,FEQUP5,Book,Geralyn Simeon  ,i9f59dxxuc@gmail.com,DLH,2019-07-13T18:41:00.000+05:30
86,2019-07-19T19:54:00.000+05:30,0WAZPZ,Cancel,Joane Degroot  ,wpxthapv2b@hotmail.com,SQC,2019-07-03T23:40:00.000+05:30
87,2019-07-19T10:08:00.000+05:30,B3VO2R,Cancel,Bok Blumer  ,bbh9f1lcie@hotmail.com,SQC,2019-07-14T14:08:00.000+05:30
88,2019-07-24T00:23:00.000+05:30,ZOON8P,Book,Dena Ramthun  ,8u82amf68i@hotmail.com,SQC,2019-07-14T21:24:00.000+05:30
89,2019-07-30T10:52:00.000+05:30,9L3CBS,Cancel,Trudy Cave  ,3c94wm52jh@hotmail.com,QFA,2019-07-12T07:46:00.000+05:30
90,2019-07-16T21:37:00.000+05:30,LMDMVH,Cancel,Tammara Costantino  ,xsz5fvyibn@hotmail.com,SQC,2019-07-10T07:44:00.000+05:30
91,2019-07-27T19:54:00.000+05:30,U9FL89,Modify,Dixie Billingsley  ,m0qblmu0ac@hotmail.com,QFA,2019-07-07T11:10:00.000+05:30
92,2019-07-17T16:31:00.000+05:30,UWO8PD,Cancel,Lakeesha Bichrest  ,0pr3zren4b@gmail.com,SQC,2019-07-09T07:59:00.000+05:30
93,2019-07-23T08:59:00.000+05:30,HOW6YH,Modify,Arline Westergard  ,hgg5wc6miv@yahoo.com,COA,2019-07-05T09:20:00.000+05:30
94,2019-07-29T10:10:00.000+05:30,FFBBGE,Book,Julianne Rossi  ,eyqkha6odv@gmail.com,COA,2019-07-07T13:32:00.000+05:30
95,2019-07-26T15:58:00.000+05:30,5GIJ9S,Book,Madison Sollars  ,4br1xb52jp@yahoo.com,QFA,2019-07-01T17:26:00.000+05:30
96,2019-07-21T22:13:00.000+05:30,P4L8Q5,Book,Crysta Warrior  ,wauhd3oizz@hotmail.com,DAL,2019-07-07T11:07:00.000+05:30
97,2019-07-17T09:03:00.000+05:30,OJGXEF,Cancel,Phylicia Bahl  ,5zsero8ti1@gmail.com,DLH,2019-07-15T14:54:00.000+05:30
98,2019-07-26T07:08:00.000+05:30,11VT03,Book,Magdalena Talley  ,t64xb03enk@hotmail.com,SQC,2019-07-13T13:37:00.000+05:30
99,2019-07-17T22:03:00.000+05:30,2JWCUV,Book,Lee Bashaw,z41i4x5g9m@gmail.com,COA,2019-07-09T19:40:00.000+05:30
100,2019-07-20T02:32:00.000+05:30,917OQT,Cancel,Eldridge Mcpeters  ,kb7820kzfz@yahoo.com,DLH,2019-07-09T14:05:00.000+05:30
101,2019-07-21T14:32:00.000+05:30,7JI8Q7,Modify,Ardelle Berkley  ,hb3v72aox1@gmail.com,SQC,2019-07-07T20:34:00.000+05:30
102,2019-07-24T02:18:00.000+05:30,IL6YGL,Cancel,Alda Hoy  ,moagafjdxj@gmail.com,QFA,2019-07-09T03:19:00.000+05:30
103,2019-07-24T04:19:00.000+05:30,PXN1ZV,Modify,Olivia Cowling  ,a4hnrt3kdc@hotmail.com,COA,2019-07-02T19:53:00.000+05:30
104,2019-07-26T15:17:00.000+05:30,6T6YHC,Book,Sharie Speirs  ,qh5sw6fihz@hotmail.com,DAL,2019-07-03T20:11:00.000+05:30
105,2019-07-25T11:41:00.000+05:30,2LK79Q,Book,Susannah Brothers  ,w80gh1t69u@hotmail.com,QFA,2019-07-12T16:54:00.000+05:30
106,2019-07-16T15:51:00.000+05:30,8SSBPJ,Modify,Everette Paradise  ,ckfqildxnk@gmail.com,COA,2019-07-12T15:13:00.000+05:30
107,2019-07-29T09:54:00.000+05:30,4H1EO3,Modify,Man Wert  ,e35bkmm7x0@hotmail.com,SQC,2019-07-12T15:03:00.000+05:30
108,2019-07-27T09:37:00.000+05:30,Q5FBNT,Cancel,Rory Willingham  ,e3by65hmy7@hotmail.com,DAL,2019-07-05T06:50:00.000+05:30
109,2019-07-17T10:14:00.000+05:30,L34Z7E,Book,Earnest Pennypacker  ,8hsxnhn660@yahoo.com,COA,2019-07-06T02:28:00.000+05:30
110,2019-07-28T07:52:00.000+05:30,LV9IOA,Book,Samella Selleck  ,2afsan44zu@yahoo.com,DAL,2019-07-11T21:59:00.000+05:30
111,2019-07-17T22:59:00.000+05:30,3M5LVS,Book,Isa Champney  ,8n57srlmf1@hotmail.com,QFA,2019-07-15T04:49:00.000+05:30
112,2019-07-19T13:53:00.000+05:30,OBDHQL,Cancel,Valerie Jin  ,6mowyql2k6@hotmail.com,SQC,2019-07-13T12:27:00.000+05:30
113,2019-07-30T20:54:00.000+05:30,9Y29K3,Book,Barabara Quinley  ,zd1yxdkl27@gmail.com,QFA,2019-07-12T16:23:00.000+05:30
114,2019-07-24T00:30:00.000+05:30,XM6XXW,Book,Richard Stracener  ,j5u2cdxqci@gmail.com,QFA,2019-07-02T02:26:00.000+05:30
115,2019-07-22T08:51:00.000+05:30,1BXJ06,Cancel,Landon Wongus  ,fma0duui4m@yahoo.com,SQC,2019-07-03T01:02:00.000+05:30
116,2019-07-24T04:16:00.000+05:30,0433S9,Book,Trula Ruddock  ,m50dft1wf2@yahoo.com,DLH,2019-07-13T06:46:00.000+05:30
117,2019-07-22T20:12:00.000+05:30,HRRVT6,Book,Natalie Bolender  ,m7ias6b83n@gmail.com,SQC,2019-07-09T11:54:00.000+05:30
118,2019-07-16T13:39:00.000+05:30,3DJ6G7,Modify,Ruthie Ashburn  ,kwii1p58j6@hotmail.com,SQC,2019-07-01T16:41:00.000+05:30
119,2019-07-30T16:45:00.000+05:30,L7JI0G,Modify,Nisha Crudup  ,tpzf8bx66f@hotmail.com,QFA,2019-07-03T19:58:00.000+05:30
120,2019-07-21T15:46:00.000+05:30,R0VC9M,Modify,Cinda Mcclellan  ,cxxh1kbe6a@yahoo.com,DAL,2019-07-01T13:51:00.000+05:30
121,2019-07-25T07:41:00.000+05:30,FMJ8PH,Modify,Armandina Rollman  ,ttxjhga0lp@yahoo.com,COA,2019-07-08T21:05:00.000+05:30
122,2019-07-30T23:47:00.000+05:30,E62MJT,Cancel,Dino Cerrone  ,98gisaaz4i@gmail.com,DAL,2019-07-07T23:46:00.000+05:30
123,2019-07-20T14:36:00.000+05:30,KHQQZZ,Book,Laquanda Bilbo  ,jtx4oyxd6w@yahoo.com,SQC,2019-07-02T03:15:00.000+05:30
124,2019-07-26T15:52:00.000+05:30,P28ENU,Cancel,Melvin Warwick  ,izjzv7t5a2@hotmail.com,SQC,2019-07-07T08:26:00.000+05:30
125,2019-07-18T05:29:00.000+05:30,QDTX4H,Cancel,Idella Leverett  ,s7pf4b8wbd@hotmail.com,QFA,2019-07-08T17:39:00.000+05:30
126,2019-07-27T12:17:00.000+05:30,EPHWE5,Book,Heriberto Corr  ,abl160q2mn@hotmail.com,COA,2019-07-01T13:14:00.000+05:30
127,2019-07-22T17:59:00.000+05:30,N10TZ1,Book,Marivel Curington  ,euzuif9h40@hotmail.com,DLH,2019-07-12T05:46:00.000+05:30
128,2019-07-29T22:21:00.000+05:30,A1A0GD,Book,Shira Gartrell  ,wi82yfs3fy@hotmail.com,DAL,2019-07-06T20:41:00.000+05:30
129,2019-07-30T21:13:00.000+05:30,9II9R7,Cancel,Wm Cuen  ,izrq336xpx@yahoo.com,SQC,2019-07-04T14:10:00.000+05:30
130,2019-07-20T21:29:00.000+05:30,J9OG6H,Cancel,Else Nicol  ,7chnfjfjuv@hotmail.com,SQC,2019-07-15T00:03:00.000+05:30
131,2019-07-25T07:52:00.000+05:30,5IYCT5,Cancel,Tarra Lott  ,50tefsgiyn@gmail.com,COA,2019-07-01T04:24:00.000+05:30
132,2019-07-17T09:38:00.000+05:30,7D41S2,Book,Ciera Sylvester  ,dkimfyyimc@yahoo.com,QFA,2019-07-14T03:03:00.000+05:30
133,2019-07-21T12:55:00.000+05:30,188QY9,Book,Corine Bunker  ,2wab6p199a@gmail.com,SQC,2019-07-09T14:19:00.000+05:30
134,2019-07-21T18:37:00.000+05:30,0Y66IZ,Cancel,Deanna Coard  ,q09hhsu642@gmail.com,DAL,2019-07-14T16:24:00.000+05:30
135,2019-07-24T12:31:00.000+05:30,U6HDTU,Modify,Clifton Ritz  ,rhto9zv2q7@hotmail.com,QFA,2019-07-02T01:15:00.000+05:30
136,2019-07-24T04:16:00.000+05:30,DAXW95,Book,Danuta Mabie  ,2hq1x2e3ly@gmail.com,DLH,2019-07-08T19:42:00.000+05:30
137,2019-07-21T11:42:00.000+05:30,TGIKHZ,Cancel,Benjamin Harker  ,wfl439l8mo@gmail.com,COA,2019-07-02T13:13:00.000+05:30
138,2019-07-21T04:59:00.000+05:30,NL8REO,Cancel,Chrissy Toto  ,y689gimuo8@gmail.com,SQC,2019-07-11T17:59:00.000+05:30
139,2019-07-25T23:47:00.000+05:30,T460LX,Modify,Catrina Macdonnell  ,pwvqagkew3@gmail.com,DAL,2019-07-13T10:05:00.000+05:30
140,2019-07-20T04:51:00.000+05:30,NQF8R9,Modify,Beaulah Swigert  ,neyfu7az4g@yahoo.com,QFA,2019-07-06T17:13:00.000+05:30
141,2019-07-18T11:50:00.000+05:30,2X9BBD,Modify,Nohemi Nigh  ,17qbho3e33@yahoo.com,COA,2019-07-15T11:53:00.000+05:30
142,2019-07-27T23:32:00.000+05:30,HT9B1M,Cancel,Minerva Till  ,r8sguve7u2@gmail.com,SQC,2019-07-14T19:25:00.000+05:30
143,2019-07-19T12:42:00.000+05:30,18JTXC,Modify,Ivey Serrato  ,8u0tgm0kl9@yahoo.com,SQC,2019-07-02T22:36:00.000+05:30
144,2019-07-21T03:42:00.000+05:30,IG0B7I,Cancel,Lin Nellis  ,oujkkaoq5y@gmail.com,DAL,2019-07-10T07:23:00.000+05:30
145,2019-07-19T17:18:00.000+05:30,K6XDE2,Cancel,Elise Gayman  ,jpg6f07fsv@yahoo.com,DAL,2019-07-06T05:45:00.000+05:30
146,2019-07-25T23:03:00.000+05:30,OZ0XHQ,Cancel,Leda Scheid  ,xq45rvlzag@yahoo.com,DLH,2019-07-12T20:49:00.000+05:30
147,2019-07-28T03:15:00.000+05:30,C77LEA,Modify,Myron Coryell  ,miabpfwaxt@hotmail.com,COA,2019-07-08T04:11:00.000+05:30
148,2019-07-26T23:37:00.000+05:30,025MBH,Modify,Teri Iglesia  ,ua6xsjbg7i@gmail.com,QFA,2019-07-13T15:20:00.000+05:30
149,2019-07-18T17:29:00.000+05:30,EKQDFK,Cancel,Josphine Augustyn,jmwak8ncu5@yahoo.com,COA,2019-07-01T20:21:00.000+05:30
150,2019-07-28T11:04:00.000+05:30,CFW5L0,Cancel,Kourtney Eberhardt  ,ku07bx6vh1@yahoo.com,DAL,2019-07-14T11:19:00.000+05:30
151,2019-07-22T10:31:00.000+05:30,4JELA7,Book,Fredia Gracia  ,j0nw9wy19e@gmail.com,DLH,2019-07-13T06:58:00.000+05:30
152,2019-07-26T18:52:00.000+05:30,FZJFEC,Modify,Marisa Zarate  ,8lipsrbpnp@hotmail.com,DAL,2019-07-02T07:42:00.000+05:30
153,2019-07-26T11:49:00.000+05:30,GC3XO2,Cancel,Latashia Depaz  ,pidegi0fxi@hotmail.com,SQC,2019-07-13T15:11:00.000+05:30
154,2019-07-26T18:23:00.000+05:30,58CLNH,Modify,Elfriede Irwin  ,c1n8sggnqp@gmail.com,COA,2019-07-02T10:15:00.000+05:30
155,2019-07-16T03:20:00.000+05:30,5P1A9U,Book,Vertie Mettler  ,96jiukn3hu@hotmail.com,SQC,2019-07-14T12:17:00.000+05:30
156,2019-07-29T00:24:00.000+05:30,2LI96P,Book,Cristine Grundy  ,llyxr13nx3@hotmail.com,DLH,2019-07-12T13:42:00.000+05:30
157,2019-07-28T00:51:00.000+05:30,JLS1PL,Book,Susannah Brugnoli  ,i86lwyl79g@gmail.com,DLH,2019-07-04T10:04:00.000+05:30
158,2019-07-29T18:41:00.000+05:30,8HWA67,Modify,Denver Crandall  ,qgdl1bv3o4@gmail.com,QFA,2019-07-13T01:49:00.000+05:30
159,2019-07-28T11:48:00.000+05:30,B13V8A,Cancel,Jaymie Luellen  ,xuqa270mcn@gmail.com,SQC,2019-07-12T17:07:00.000+05:30
160,2019-07-30T23:49:00.000+05:30,559FJU,Book,Jacquelin Swim  ,qnfcz632vw@gmail.com,QFA,2019-07-04T10:06:00.000+05:30
161,2019-07-22T04:25:00.000+05:30,TFBM70,Modify,Lola Lando  ,ejc7406m3u@yahoo.com,DAL,2019-07-03T14:03:00.000+05:30
162,2019-07-23T08:24:00.000+05:30,05OHTD,Book,Dale Bolten  ,bhhhmdp4fc@yahoo.com,QFA,2019-07-04T11:24:00.000+05:30
163,2019-07-23T19:33:00.000+05:30,DTVM4Y,Cancel,Liane Backer  ,wk7un3gkmj@hotmail.com,QFA,2019-07-13T18:44:00.000+05:30
164,2019-07-30T10:09:00.000+05:30,EU4M9M,Modify,Rosenda Aman  ,m3al7af8zc@hotmail.com,DLH,2019-07-15T00:52:00.000+05:30
165,2019-07-21T21:05:00.000+05:30,WT31R2,Book,Zaida Lanham  ,7nfz21ozvl@hotmail.com,DLH,2019-07-10T18:21:00.000+05:30
166,2019-07-23T11:05:00.000+05:30,U7JY19,Modify,Estella Riggan  ,4byza30tx7@gmail.com,SQC,2019-07-08T13:16:00.000+05:30
167,2019-07-24T13:05:00.000+05:30,UC9OLN,Book,Naida Zeno  ,11u1mshtjx@hotmail.com,SQC,2019-07-06T04:50:00.000+05:30
168,2019-07-25T06:35:00.000+05:30,0WUCWJ,Modify,Ernestine Labombard  ,tux6v8x8ob@hotmail.com,SQC,2019-07-07T00:43:00.000+05:30
169,2019-07-20T06:58:00.000+05:30,EUTRLE,Modify,Tamesha Pelosi  ,cncyrv5zk5@hotmail.com,COA,2019-07-11T12:30:00.000+05:30
170,2019-07-19T08:42:00.000+05:30,WMGLVD,Book,Tawana Cuenca  ,ricz0y8d70@gmail.com,COA,2019-07-06T02:04:00.000+05:30
171,2019-07-28T19:12:00.000+05:30,QV1CXL,Modify,Alfonzo Demott  ,wn85rhj4vm@hotmail.com,COA,2019-07-12T00:35:00.000+05:30
172,2019-07-23T21:02:00.000+05:30,CKWKGS,Cancel,Adelaida Clay  ,pyngeapopv@hotmail.com,DAL,2019-07-03T17:20:00.000+05:30
173,2019-07-20T21:37:00.000+05:30,UJPNEL,Modify,Evelynn Block  ,441okadq0v@yahoo.com,DAL,2019-07-05T21:54:00.000+05:30
174,2019-07-30T07:43:00.000+05:30,WCQ0SC,Modify,Ester Losh  ,ygfdh337oy@yahoo.com,QFA,2019-07-13T03:48:00.000+05:30
175,2019-07-27T14:06:00.000+05:30,9P7SPH,Modify,Ara Engelbrecht  ,32fwtqpag3@hotmail.com,DAL,2019-07-05T06:58:00.000+05:30
176,2019-07-30T23:28:00.000+05:30,P2P5A8,Book,Lolita Corcoran  ,q1hsijy07p@hotmail.com,SQC,2019-07-15T10:48:00.000+05:30
177,2019-07-16T00:00:00.000+05:30,DZSQ45,Book,Yoko Sevigny  ,zoe1ckpvzu@hotmail.com,DAL,2019-07-01T03:04:00.000+05:30
178,2019-07-28T12:24:00.000+05:30,WI9ZF2,Cancel,Pearline Myres  ,iw4x9qbxdn@hotmail.com,COA,2019-07-02T11:41:00.000+05:30
179,2019-07-16T13:44:00.000+05:30,P94ILG,Book,Corinne Robichaud  ,iqreoplza8@gmail.com,SQC,2019-07-09T01:02:00.000+05:30
180,2019-07-20T00:08:00.000+05:30,3S1FSI,Cancel,Nakia Boylan  ,qwtdhkwc5r@gmail.com,SQC,2019-07-01T09:21:00.000+05:30
181,2019-07-20T23:42:00.000+05:30,MD5MPN,Book,Kristal Wilmoth  ,vfvgw2xhr5@hotmail.com,DAL,2019-07-09T13:51:00.000+05:30
182,2019-07-16T03:27:00.000+05:30,47W0DN,Modify,Lavada Schillaci  ,ti3d5ugg9r@gmail.com,SQC,2019-07-08T08:24:00.000+05:30
183,2019-07-20T22:53:00.000+05:30,61ZU86,Modify,Sharell Shenkel  ,ockctz1zut@gmail.com,DAL,2019-07-12T16:29:00.000+05:30
184,2019-07-26T12:22:00.000+05:30,364P60,Book,Kaci Schubert  ,9zfifrekls@gmail.com,DLH,2019-07-02T22:32:00.000+05:30
185,2019-07-21T23:48:00.000+05:30,D0A1UM,Cancel,Ada Kuzma  ,flfr7ov87j@gmail.com,DLH,2019-07-03T00:05:00.000+05:30
186,2019-07-21T19:43:00.000+05:30,OQOXYI,Modify,Maye Batey  ,4hqjdinxke@gmail.com,QFA,2019-07-08T02:57:00.000+05:30
187,2019-07-26T17:37:00.000+05:30,ENVHXV,Modify,Shayla Telesco  ,zf4tiyv2gx@hotmail.com,QFA,2019-07-12T06:20:00.000+05:30
188,2019-07-29T01:46:00.000+05:30,LU2VCX,Cancel,Donna Guerra  ,rzzhi3rfzq@hotmail.com,QFA,2019-07-01T19:27:00.000+05:30
189,2019-07-21T13:57:00.000+05:30,FDCBVP,Cancel,Josphine Mainor  ,cx7endca2y@yahoo.com,DLH,2019-07-11T23:06:00.000+05:30
190,2019-07-26T14:14:00.000+05:30,DI381E,Cancel,Margaretta Gott  ,owu6xmcwyt@hotmail.com,DAL,2019-07-13T05:59:00.000+05:30
191,2019-07-23T14:34:00.000+05:30,GVA5FC,Cancel,Jody Salone  ,xy5k3dt3fo@yahoo.com,COA,2019-07-06T14:13:00.000+05:30
192,2019-07-26T04:11:00.000+05:30,HL3TJA,Book,Charlesetta Moreland  ,vczmehmgad@gmail.com,COA,2019-07-03T03:11:00.000+05:30
193,2019-07-16T21:15:00.000+05:30,E3E3FK,Modify,Onita Gaiter  ,leedauugcy@yahoo.com,DLH,2019-07-08T23:36:00.000+05:30
194,2019-07-28T01:56:00.000+05:30,G7DUSD,Cancel,Ward Gunnels  ,4eb5x986vp@yahoo.com,DLH,2019-07-08T06:35:00.000+05:30
195,2019-07-23T00:28:00.000+05:30,LQ7XQX,Book,Raisa Brookover  ,ipwu8v31ik@hotmail.com,QFA,2019-07-15T02:45:00.000+05:30
196,2019-07-17T02:56:00.000+05:30,LCT2A0,Cancel,Eleonora Pineiro  ,tslcddk2iv@gmail.com,DAL,2019-07-15T19:44:00.000+05:30
197,2019-07-22T11:55:00.000+05:30,E0QMC3,Modify,Shantelle Thibodeaux  ,pkw7aue5jf@gmail.com,DAL,2019-07-10T20:58:00.000+05:30
198,2019-07-16T02:32:00.000+05:30,HNUHFW,Modify,Jolyn Kingsbury  ,ro6hnew1v0@hotmail.com,DAL,2019-07-06T00:52:00.000+05:30
199,2019-07-30T02:44:00.000+05:30,2GJXWO,Book,Soo Hennessee,dxrhbje105@hotmail.com,QFA,2019-07-15T03:01:00.000+05:30
200,2019-07-23T21:41:00.000+05:30,CDJ7ZT,Cancel,Brenton Wetherell  ,jt86pa4js7@yahoo.com,COA,2019-07-05T17:07:00.000+05:30
201,2019-07-27T13:14:00.000+05:30,X73GB7,Cancel,Siu Tunnell  ,27840u8fwx@gmail.com,SQC,2019-07-05T02:10:00.000+05:30
202,2019-07-16T12:06:00.000+05:30,0W3B1U,Cancel,Charlie Ervin  ,ty1858l3s8@yahoo.com,DAL,2019-07-02T20:48:00.000+05:30
203,2019-07-18T18:28:00.000+05:30,SH9RQA,Cancel,Afton Clanton  ,9tz2jejc5h@hotmail.com,QFA,2019-07-09T12:45:00.000+05:30
204,2019-07-27T00:50:00.000+05:30,N5HIVH,Book,Scott Abler  ,3bksvca5ru@hotmail.com,QFA,2019-07-01T22:45:00.000+05:30
205,2019-07-18T14:43:00.000+05:30,K33XR4,Book,Kory Keating  ,8t8ydmo2od@hotmail.com,DLH,2019-07-09T13:56:00.000+05:30
206,2019-07-16T09:21:00.000+05:30,EEBEEI,Book,Rebeca Coppola  ,pl7o7w4f33@gmail.com,SQC,2019-07-07T23:54:00.000+05:30
207,2019-07-16T11:42:00.000+05:30,7LU3Q5,Modify,Cody Baldridge  ,31pqez8hdm@hotmail.com,QFA,2019-07-01T21:18:00.000+05:30
208,2019-07-23T22:19:00.000+05:30,JF4GOM,Book,Cristobal Hohl  ,wz31xqk4s3@gmail.com,SQC,2019-07-11T18:59:00.000+05:30
209,2019-07-21T08:07:00.000+05:30,TBBNL6,Cancel,Santiago Chumley  ,56v88ltjjg@hotmail.com,DLH,2019-07-01T00:13:00.000+05:30
210,2019-07-21T11:04:00.000+05:30,MTM5OO,Modify,Alison Wilmeth  ,dl79vvjn5y@hotmail.com,COA,2019-07-09T07:59:00.000+05:30
211,2019-07-23T01:11:00.000+05:30,3WD7OE,Modify,Brent Latson  ,fbfcuuz5ka@hotmail.com,DAL,2019-07-12T03:36:00.000+05:30
212,2019-07-29T10:29:00.000+05:30,4DH7FX,Modify,Heath Burt  ,x030oeilct@yahoo.com,DLH,2019-07-15T10:21:00.000+05:30
213,2019-07-27T13:28:00.000+05:30,VWP6Z0,Modify,Gerald Castiglia  ,isz6gjg3p7@hotmail.com,COA,2019-07-05T23:16:00.000+05:30
214,2019-07-22T21:20:00.000+05:30,26849N,Cancel,Latonia Tavera  ,g4pomlyskg@hotmail.com,COA,2019-07-08T19:49:00.000+05:30
215,2019-07-28T23:21:00.000+05:30,8TYFJW,Cancel,Farrah Orlando  ,lx1kk2pcdb@hotmail.com,SQC,2019-07-03T12:23:00.000+05:30
216,2019-07-24T05:26:00.000+05:30,6FD5C1,Modify,Rene Hao  ,4ecz1dqt6t@gmail.com,SQC,2019-07-11T02:34:00.000+05:30
217,2019-07-29T17:13:00.000+05:30,E8VB4J,Modify,Gerry Sarinana  ,wi6ud0oobm@hotmail.com,SQC,2019-07-04T09:12:00.000+05:30
218,2019-07-24T11:48:00.000+05:30,6WU9I8,Book,Venetta Greenfield  ,r17vmwaib1@yahoo.com,QFA,2019-07-11T03:51:00.000+05:30
219,2019-07-23T03:21:00.000+05:30,B7ZS6B,Modify,Sam Drews  ,46irbvpcg3@hotmail.com,DLH,2019-07-15T07:07:00.000+05:30
220,2019-07-30T09:18:00.000+05:30,5GNHDO,Modify,Allie Mungin  ,mqukagi1lh@hotmail.com,DAL,2019-07-04T17:09:00.000+05:30
221,2019-07-20T02:30:00.000+05:30,82AV1Y,Cancel,Monique Rosenquist  ,92gx0zt6n0@gmail.com,COA,2019-07-12T12:38:00.000+05:30
222,2019-07-19T06:31:00.000+05:30,GUUKKS,Modify,Darcel Petillo  ,cgy02m6y6c@hotmail.com,QFA,2019-07-05T14:39:00.000+05:30
223,2019-07-24T02:00:00.000+05:30,MADG96,Modify,Rigoberto Mccready  ,u0m3809sub@hotmail.com,DLH,2019-07-07T00:18:00.000+05:30
224,2019-07-22T06:24:00.000+05:30,PRKPAO,Cancel,Lisha Durkin  ,1jnkdommw7@gmail.com,QFA,2019-07-14T02:55:00.000+05:30
225,2019-07-27T04:57:00.000+05:30,CNM2ES,Book,Bianca Knabe  ,2k32c847ho@hotmail.com,DAL,2019-07-15T10:20:00.000+05:30
226,2019-07-19T07:16:00.000+05:30,28NO5C,Book,Hilda Dalessandro  ,v6lpg6jwyy@yahoo.com,QFA,2019-07-07T17:46:00.000+05:30
227,2019-07-28T22:34:00.000+05:30,XQTBVT,Modify,Melaine Reiser  ,ektkxgil4b@gmail.com,SQC,2019-07-10T08:43:00.000+05:30
228,2019-07-16T08:41:00.000+05:30,P3167Y,Book,Tiara Murrieta  ,pvp95w51h0@yahoo.com,QFA,2019-07-03T01:32:00.000+05:30
229,2019-07-18T22:20:00.000+05:30,FMZ370,Cancel,Karren Battista  ,jxdnlzmbaf@yahoo.com,COA,2019-07-14T02:19:00.000+05:30
230,2019-07-26T19:01:00.000+05:30,OUYA9H,Modify,Ivan Dipaola  ,yeytuxitqp@gmail.com,QFA,2019-07-11T12:06:00.000+05:30
231,2019-07-18T17:40:00.000+05:30,4R7HEI,Cancel,Cedrick Newsome  ,alx12va6qo@yahoo.com,DAL,2019-07-02T15:30:00.000+05:30
232,2019-07-26T06:43:00.000+05:30,UOVJGJ,Book,Marquitta Esses  ,0vi7p68x61@gmail.com,SQC,2019-07-05T15:55:00.000+05:30
233,2019-07-22T18:49:00.000+05:30,T78LNV,Book,Imelda Benbow  ,3nfzjftzm1@yahoo.com,COA,2019-07-02T01:51:00.000+05:30
234,2019-07-16T20:46:00.000+05:30,8U1Q1G,Book,Ona Arvie  ,e3yk4w8q6f@hotmail.com,QFA,2019-07-06T09:42:00.000+05:30
235,2019-07-25T21:52:00.000+05:30,40RUAC,Modify,Anika Forcier  ,c228d1sabs@yahoo.com,DAL,2019-07-03T06:07:00.000+05:30
236,2019-07-30T06:50:00.000+05:30,I83FFO,Modify,Frederic Querry  ,o70dkkx2l2@gmail.com,QFA,2019-07-14T15:56:00.000+05:30
237,2019-07-26T06:28:00.000+05:30,61CCW7,Book,Carmelina Nishida  ,h5zar5hj8t@hotmail.com,DAL,2019-07-04T19:52:00.000+05:30
238,2019-07-28T00:27:00.000+05:30,S2ZIJ9,Cancel,Tamica Purdum  ,dk8pc4kgva@gmail.com,DLH,2019-07-11T08:10:00.000+05:30
239,2019-07-17T01:37:00.000+05:30,KQDMUI,Modify,Caridad Simerly  ,vp9v1jb7x9@gmail.com,QFA,2019-07-08T07:45:00.000+05:30
240,2019-07-18T04:21:00.000+05:30,L37WAT,Book,Gerard Robbs  ,1qa42cuhb4@gmail.com,SQC,2019-07-12T05:58:00.000+05:30
241,2019-07-21T14:30:00.000+05:30,DFGMU5,Cancel,Elsy Riccio  ,6a4owukdk6@hotmail.com,DAL,2019-07-13T15:17:00.000+05:30
242,2019-07-29T12:23:00.000+05:30,7T2SHK,Cancel,Saul Koppes  ,u12cyduhif@hotmail.com,DLH,2019-07-13T22:44:00.000+05:30
243,2019-07-29T11:29:00.000+05:30,PPVTZ1,Cancel,Renae Jordon  ,0jch19aleo@hotmail.com,DAL,2019-07-06T06:53:00.000+05:30
244,2019-07-18T01:16:00.000+05:30,54HXRN,Book,Wendy Petti  ,9yfdns2f7w@hotmail.com,DLH,2019-07-03T05:28:00.000+05:30
245,2019-07-18T01:52:00.000+05:30,65ESUH,Cancel,Florinda Feld  ,k1190osst5@yahoo.com,SQC,2019-07-10T22:28:00.000+05:30
246,2019-07-18T07:43:00.000+05:30,Z1W20S,Modify,Sparkle Meloy  ,u5z14ks28j@yahoo.com,QFA,2019-07-03T09:44:00.000+05:30
247,2019-07-30T08:52:00.000+05:30,0ACT01,Book,Emily Sikora  ,ybmqcuspgv@hotmail.com,DLH,2019-07-01T20:29:00.000+05:30
248,2019-07-21T12:21:00.000+05:30,ATBZV4,Cancel,Devin Pedone  ,pi8f0lserc@yahoo.com,SQC,2019-07-03T05:51:00.000+05:30
249,2019-07-27T18:52:00.000+05:30,1PUVLF,Book,Willia Triche  ,ayy5txj7gs@hotmail.com,COA,2019-07-02T20:53:00.000+05:30
250,2019-07-16T18:02:00.000+05:30,09UHK7,Modify,Mario Mote  ,nhrxy959v7@gmail.com,COA,2019-07-01T23:23:00.000+05:30
251,2019-07-24T21:57:00.000+05:30,5KEVEO,Modify,Eddy Mendicino  ,c6u769gb7m@hotmail.com,SQC,2019-07-06T22:50:00.000+05:30
252,2019-07-28T18:24:00.000+05:30,XABMVG,Cancel,Milton Verne  ,6s06heb8a6@yahoo.com,DLH,2019-07-14T16:10:00.000+05:30
253,2019-07-16T04:27:00.000+05:30,Y7M2VQ,Modify,Alisha Srour  ,flqfwen28z@gmail.com,DLH,2019-07-03T07:37:00.000+05:30
254,2019-07-28T03:23:00.000+05:30,FP7IJS,Book,Christa Summa  ,44znvckxap@yahoo.com,DAL,2019-07-09T23:15:00.000+05:30
255,2019-07-26T01:56:00.000+05:30,N6EQN4,Cancel,Albertina Outler  ,e4rjec8ta4@hotmail.com,DLH,2019-07-06T03:38:00.000+05:30
256,2019-07-22T05:37:00.000+05:30,JCRXU9,Cancel,Margarito Dunagan  ,6fe1cdl47h@gmail.com,DLH,2019-07-04T22:19:00.000+05:30
257,2019-07-19T14:52:00.000+05:30,6EZ79V,Book,Kisha Padro  ,z8sb645vpn@yahoo.com,QFA,2019-07-08T23:58:00.000+05:30
258,2019-07-18T02:46:00.000+05:30,9AJI8F,Modify,Glendora Pye  ,040eqdcrm9@gmail.com,SQC,2019-07-13T22:07:00.000+05:30
259,2019-07-27T18:29:00.000+05:30,OKS0ZR,Cancel,Theodore Aston  ,ci2ioe455j@gmail.com,DAL,2019-07-04T20:14:00.000+05:30
260,2019-07-17T19:45:00.000+05:30,ZHV1LH,Book,Dot Walson  ,9t50zo6ld4@yahoo.com,DLH,2019-07-12T07:14:00.000+05:30
261,2019-07-25T01:39:00.000+05:30,1TXD1S,Cancel,Adina Selph  ,y9r4yp0bdj@gmail.com,DLH,2019-07-09T05:40:00.000+05:30
262,2019-07-29T12:37:00.000+05:30,DLZ3EY,Modify,Harold Stahl  ,74mzb97fht@hotmail.com,DLH,2019-07-12T12:57:00.000+05:30
263,2019-07-25T00:34:00.000+05:30,VTEU4Z,Book,Rolanda Gayden  ,kn3wwk3yfk@gmail.com,QFA,2019-07-07T16:19:00.000+05:30
264,2019-07-23T15:09:00.000+05:30,9ZZREG,Cancel,Kandra Canada  ,8qspb2wjee@hotmail.com,QFA,2019-07-03T22:47:00.000+05:30
265,2019-07-25T16:55:00.000+05:30,OPDEW6,Book,Rita Pfannenstiel  ,otf6f1160n@yahoo.com,DLH,2019-07-12T01:20:00.000+05:30
266,2019-07-24T17:03:00.000+05:30,31ET9Y,Book,Micki Vosburg  ,1tvuhp1dgc@yahoo.com,DLH,2019-07-13T05:34:00.000+05:30
267,2019-07-17T11:13:00.000+05:30,4SOG3F,Book,Elouise Struthers  ,ycpq9ipg5v@hotmail.com,SQC,2019-07-13T07:47:00.000+05:30
268,2019-07-16T01:34:00.000+05:30,ATV0SY,Cancel,Micheal Montufar  ,holeydpdrh@gmail.com,COA,2019-07-10T17:02:00.000+05:30
269,2019-07-24T17:33:00.000+05:30,U2LFND,Modify,Leonore Sthilaire  ,65b3qnjiyp@yahoo.com,DLH,2019-07-02T04:44:00.000+05:30
270,2019-07-18T10:26:00.000+05:30,4RVM43,Modify,Bridgette Leishman  ,hiw3gus44l@yahoo.com,DLH,2019-07-13T17:36:00.000+05:30
271,2019-07-19T05:28:00.000+05:30,97YH3Y,Modify,Aja Albin  ,8bx4stzozn@gmail.com,COA,2019-07-09T08:53:00.000+05:30
272,2019-07-23T18:39:00.000+05:30,OT3EC6,Cancel,Willette Robson  ,8l61j2hubz@hotmail.com,SQC,2019-07-13T11:54:00.000+05:30
273,2019-07-23T03:14:00.000+05:30,QQED7F,Cancel,Cary Gladfelter  ,eeolge6hdu@hotmail.com,DAL,2019-07-03T03:05:00.000+05:30
274,2019-07-25T11:14:00.000+05:30,7QRG8Y,Book,Rosette Harig  ,lmki3m61jg@yahoo.com,SQC,2019-07-14T19:46:00.000+05:30
275,2019-07-18T03:52:00.000+05:30,ZJVQ3K,Modify,Junior Scovil  ,3vredo4bma@yahoo.com,DLH,2019-07-03T11:53:00.000+05:30
276,2019-07-22T01:27:00.000+05:30,KL8SFT,Modify,Bryanna Sessler  ,vbg81qobch@gmail.com,DAL,2019-07-05T23:57:00.000+05:30
277,2019-07-29T23:30:00.000+05:30,PEFI65,Cancel,Hildegard Brownell  ,gw2nqupkhz@gmail.com,QFA,2019-07-04T15:08:00.000+05:30
278,2019-07-20T14:00:00.000+05:30,0Q3PL4,Book,Roman Entwistle  ,nafm9efmfl@gmail.com,SQC,2019-07-07T16:08:00.000+05:30
279,2019-07-17T08:03:00.000+05:30,J3ENSM,Modify,Drucilla Didomenico  ,na4699dv0o@hotmail.com,COA,2019-07-09T16:47:00.000+05:30
280,2019-07-23T21:52:00.000+05:30,AO6Q25,Cancel,Jennell Hutton  ,549fzp9m12@yahoo.com,QFA,2019-07-08T21:31:00.000+05:30
281,2019-07-24T07:13:00.000+05:30,2JH1P4,Modify,Scottie Smelcer  ,ytbfoyrk0g@gmail.com,COA,2019-07-04T10:57:00.000+05:30
282,2019-07-24T01:26:00.000+05:30,UIXQM7,Book,Carlo Yi  ,hsco1k5cgv@gmail.com,COA,2019-07-09T14:43:00.000+05:30
283,2019-07-24T01:11:00.000+05:30,H5DQ8P,Cancel,Vannessa Zuchowski  ,ljea7erlmx@yahoo.com,SQC,2019-07-11T18:25:00.000+05:30
284,2019-07-20T16:53:00.000+05:30,BGB3KX,Modify,Timika Teed  ,j88rsif4ou@hotmail.com,SQC,2019-07-04T16:58:00.000+05:30
285,2019-07-19T11:51:00.000+05:30,WLNGAQ,Cancel,Vita Katzer  ,ap6giioh9h@yahoo.com,SQC,2019-07-04T02:17:00.000+05:30
286,2019-07-18T04:24:00.000+05:30,FMGH1W,Cancel,Bari Hickox  ,s7eryw1ri2@yahoo.com,QFA,2019-07-13T10:16:00.000+05:30
287,2019-07-27T14:54:00.000+05:30,KTO8TQ,Cancel,Jacqulyn Fehrenbach  ,klevryumpt@yahoo.com,COA,2019-07-01T16:11:00.000+05:30
288,2019-07-23T06:44:00.000+05:30,W7ZJHI,Modify,Phung Matta  ,idj6zdbtvj@gmail.com,COA,2019-07-12T05:19:00.000+05:30
289,2019-07-27T15:04:00.000+05:30,SZVCI7,Modify,Ling Locklear  ,vx5i0n9rir@hotmail.com,DLH,2019-07-01T16:35:00.000+05:30
290,2019-07-20T05:01:00.000+05:30,SNEZM0,Book,Madeline Waite  ,bsmqfaqh35@yahoo.com,SQC,2019-07-12T04:52:00.000+05:30
291,2019-07-28T11:52:00.000+05:30,G6FKS0,Book,Warner Carden  ,c62coilwmb@yahoo.com,DAL,2019-07-14T21:23:00.000+05:30
292,2019-07-16T07:37:00.000+05:30,X8N1BW,Book,Marjory Richins  ,rbqhmuzayu@yahoo.com,DAL,2019-07-09T09:09:00.000+05:30
293,2019-07-24T19:26:00.000+05:30,MZWMVN,Book,Shannon Coupe  ,gc9pmgh6ay@gmail.com,DAL,2019-07-05T15:34:00.000+05:30
294,2019-07-27T02:21:00.000+05:30,U19UZG,Modify,Maris Hoy  ,aopbt3hcg1@gmail.com,DAL,2019-07-14T10:37:00.000+05:30
295,2019-07-19T02:26:00.000+05:30,GCFVA7,Modify,Wei Shultz  ,727l0r0955@hotmail.com,DAL,2019-07-11T17:30:00.000+05:30
296,2019-07-22T04:22:00.000+05:30,MS7G6N,Cancel,Samara Hansell  ,hdfdcbwr78@gmail.com,DAL,2019-07-13T21:27:00.000+05:30
297,2019-07-21T20:56:00.000+05:30,EWUAI2,Book,Ian Sylvest  ,dpvlvgewn8@hotmail.com,QFA,2019-07-04T07:55:00.000+05:30
298,2019-07-19T16:23:00.000+05:30,CCLTC9,Book,Willian Niemann  ,j9x4zr1aw1@gmail.com,COA,2019-07-10T03:23:00.000+05:30
299,2019-07-16T07:39:00.000+05:30,GCDMYE,Cancel,Estella Everest,5vdri62joc@yahoo.com,QFA,2019-07-01T18:22:00.000+05:30
300,2019-07-29T19:36:00.000+05:30,H574U4,Cancel,Delena Weis  ,ty5dugz639@hotmail.com,QFA,2019-07-15T09:05:00.000+05:30
301,2019-07-18T11:49:00.000+05:30,Y4AV1E,Book,Garry Ricker  ,w7g1k5ukgt@hotmail.com,SQC,2019-07-14T20:26:00.000+05:30
302,2019-07-23T11:48:00.000+05:30,O4ECBQ,Modify,Lacy Bitting  ,wuroaeff6c@yahoo.com,DAL,2019-07-10T11:03:00.000+05:30
303,2019-07-17T14:24:00.000+05:30,HC20R5,Book,Breann Hooks  ,8cmjxfffkn@gmail.com,COA,2019-07-10T08:12:00.000+05:30
304,2019-07-28T04:09:00.000+05:30,VM9699,Book,Marcos Steakley  ,u25z4vb5n4@yahoo.com,COA,2019-07-11T09:13:00.000+05:30
305,2019-07-23T09:53:00.000+05:30,U1LXAI,Cancel,Phylicia Murph  ,e4af5i79kg@hotmail.com,SQC,2019-07-06T23:28:00.000+05:30
306,2019-07-23T10:46:00.000+05:30,GX5ZPD,Cancel,Lashawn Skowronski  ,g2vf26n6mm@yahoo.com,DAL,2019-07-03T02:12:00.000+05:30
307,2019-07-27T20:10:00.000+05:30,OISMUF,Book,Tracy Joubert  ,s29x5z6me9@yahoo.com,DLH,2019-07-09T15:20:00.000+05:30
308,2019-07-21T09:07:00.000+05:30,XM7AGT,Book,Oma Danek  ,4x3mnhs1mb@hotmail.com,SQC,2019-07-08T12:48:00.000+05:30
309,2019-07-20T20:28:00.000+05:30,Z3AN2C,Cancel,Chloe Neve  ,s7djxl9lc2@gmail.com,COA,2019-07-02T16:28:00.000+05:30
310,2019-07-25T05:08:00.000+05:30,IHC59W,Modify,Migdalia Bingham  ,qimuv0j4ji@yahoo.com,DAL,2019-07-01T15:44:00.000+05:30
311,2019-07-19T05:11:00.000+05:30,04KV8U,Cancel,Vonda Meas  ,sxljpjpw76@yahoo.com,DLH,2019-07-09T08:30:00.000+05:30
312,2019-07-28T06:24:00.000+05:30,BMF4DB,Cancel,Corey Kaina  ,vdvrs920w1@hotmail.com,COA,2019-07-13T08:40:00.000+05:30
313,2019-07-16T21:01:00.000+05:30,IY8B2R,Book,Jamee Maharaj  ,ma3qbzxno5@gmail.com,QFA,2019-07-08T21:10:00.000+05:30
314,2019-07-29T11:32:00.000+05:30,JNNDGC,Cancel,Kum Petree  ,676bpxi6f6@hotmail.com,QFA,2019-07-14T06:30:00.000+05:30
315,2019-07-20T04:05:00.000+05:30,1MGKMD,Modify,Reva Engels  ,1ktftrezvs@gmail.com,QFA,2019-07-15T11:46:00.000+05:30
316,2019-07-24T15:02:00.000+05:30,ZB6WI2,Book,Luke Totman  ,7hft1k9zpt@gmail.com,COA,2019-07-11T03:17:00.000+05:30
317,2019-07-23T12:55:00.000+05:30,MCXXGS,Cancel,Maureen Addington  ,ju4s8f15ee@hotmail.com,SQC,2019-07-02T02:56:00.000+05:30
318,2019-07-16T11:26:00.000+05:30,XD54B1,Modify,Chasity Natoli  ,87ycbtbmau@hotmail.com,QFA,2019-07-15T18:18:00.000+05:30
319,2019-07-23T15:59:00.000+05:30,OLQG5Q,Book,Nicola Seamon  ,i3q7skirbf@yahoo.com,COA,2019-07-04T21:38:00.000+05:30
320,2019-07-25T17:14:00.000+05:30,ZJSTU6,Modify,Liberty Kerman  ,i3ib9ssrwx@gmail.com,QFA,2019-07-07T18:06:00.000+05:30
321,2019-07-24T20:45:00.000+05:30,77SMUI,Cancel,Eveline Gouge  ,ge15984dl6@gmail.com,QFA,2019-07-07T11:26:00.000+05:30
322,2019-07-21T15:02:00.000+05:30,JUR25P,Modify,Delta Scheller  ,qzpghpx1wa@hotmail.com,QFA,2019-07-12T08:18:00.000+05:30
323,2019-07-25T14:47:00.000+05:30,2UBQA5,Modify,Lillian Fairfax  ,mfg2ess6rw@yahoo.com,DLH,2019-07-14T03:29:00.000+05:30
324,2019-07-18T04:55:00.000+05:30,79ZPGN,Book,Tomoko Guion  ,obgvzt2071@yahoo.com,SQC,2019-07-10T15:29:00.000+05:30
325,2019-07-19T22:47:00.000+05:30,RPJ9X2,Cancel,Barbar Obrien  ,t69s0w77s3@hotmail.com,QFA,2019-07-09T16:08:00.000+05:30
326,2019-07-30T04:08:00.000+05:30,JGDTCD,Book,Miesha Styron  ,641cch5c4f@hotmail.com,QFA,2019-07-01T04:24:00.000+05:30
327,2019-07-30T11:39:00.000+05:30,8EXKFI,Cancel,Hollis Tacey  ,hyduxrfc50@yahoo.com,COA,2019-07-10T07:54:00.000+05:30
328,2019-07-17T13:10:00.000+05:30,6T6JGE,Cancel,Kaley Margerum  ,b2y4qma8no@hotmail.com,QFA,2019-07-04T18:39:00.000+05:30
329,2019-07-27T05:09:00.000+05:30,47BYBT,Cancel,Audry Rigsby  ,zmrbdnl6bi@gmail.com,SQC,2019-07-15T13:46:00.000+05:30
330,2019-07-22T18:51:00.000+05:30,1V9A6J,Cancel,Lois Mott  ,yseqmcmz3s@yahoo.com,COA,2019-07-07T11:58:00.000+05:30
331,2019-07-16T09:23:00.000+05:30,0HIPVD,Book,Cathryn Nading  ,71rwnotj92@gmail.com,DLH,2019-07-05T15:52:00.000+05:30
332,2019-07-19T17:02:00.000+05:30,VQSXR9,Modify,Tameka Baity  ,8lt0asdyns@gmail.com,QFA,2019-07-03T22:44:00.000+05:30
333,2019-07-27T01:43:00.000+05:30,7E1NCA,Cancel,Erlene Lundin  ,fvv1tvllh2@gmail.com,SQC,2019-07-02T11:45:00.000+05:30
334,2019-07-28T00:20:00.000+05:30,0Z7EK5,Cancel,Jami Hallinan  ,o7qkxccql3@gmail.com,COA,2019-07-06T12:18:00.000+05:30
335,2019-07-19T09:37:00.000+05:30,MQBUFZ,Cancel,Gwen Currence  ,8ine0a672f@yahoo.com,SQC,2019-07-01T02:25:00.000+05:30
336,2019-07-22T02:11:00.000+05:30,GSDMPY,Book,Linda Dineen  ,f0uhvzhke8@gmail.com,QFA,2019-07-12T22:45:00.000+05:30
337,2019-07-17T02:30:00.000+05:30,W8QJU8,Cancel,Brittni Alvidrez  ,1bzumqdd19@yahoo.com,DLH,2019-07-02T13:21:00.000+05:30
338,2019-07-25T20:17:00.000+05:30,22YGTJ,Cancel,Veola Sales  ,h9c00xpxcr@yahoo.com,DLH,2019-07-15T05:30:00.000+05:30
339,2019-07-30T21:55:00.000+05:30,QZCCCC,Modify,Nikki Jefcoat  ,i6k5zcj322@yahoo.com,SQC,2019-07-07T19:34:00.000+05:30
340,2019-07-22T23:51:00.000+05:30,47342A,Cancel,Genesis Blocher  ,nvitkk1j6d@yahoo.com,SQC,2019-07-07T15:31:00.000+05:30
341,2019-07-18T02:44:00.000+05:30,P2OPVM,Book,Lekisha Leathers  ,f4hg7qr99x@yahoo.com,COA,2019-07-05T17:25:00.000+05:30
342,2019-07-27T05:34:00.000+05:30,3QCQHN,Cancel,Stefan Nease  ,81kd3h2e7f@yahoo.com,SQC,2019-07-09T13:29:00.000+05:30
343,2019-07-28T16:00:00.000+05:30,ZIMMZ5,Modify,Teri Swearengin  ,tgco95e5f2@gmail.com,COA,2019-07-14T17:33:00.000+05:30
344,2019-07-30T16:42:00.000+05:30,RHU6L1,Book,Jeri Huitt  ,ilrhl1eaij@gmail.com,COA,2019-07-08T14:22:00.000+05:30
345,2019-07-17T20:20:00.000+05:30,MJVLJQ,Book,Ivette Stanberry  ,6te9e4vqbq@gmail.com,COA,2019-07-08T09:32:00.000+05:30
346,2019-07-27T14:42:00.000+05:30,9VP33W,Modify,Hilton Merriman  ,w9pa4tofhj@yahoo.com,COA,2019-07-11T06:46:00.000+05:30
347,2019-07-28T22:53:00.000+05:30,VXDSN0,Book,Brandie Penn  ,4ux9m4jne5@gmail.com,DLH,2019-07-05T12:40:00.000+05:30
348,2019-07-17T06:40:00.000+05:30,UIOB01,Cancel,Florida Marcello  ,t6v8gomcll@yahoo.com,DLH,2019-07-01T10:39:00.000+05:30
349,2019-07-24T09:50:00.000+05:30,VR6KS3,Cancel,Olevia Lecompte  ,4q6hpk23mt@yahoo.com,SQC,2019-07-04T15:28:00.000+05:30
350,2019-07-24T08:17:00.000+05:30,KX2DY9,Modify,Dwight Dayton  ,oxmm1re0br@gmail.com,DAL,2019-07-13T10:47:00.000+05:30
351,2019-07-16T11:15:00.000+05:30,JAE4C8,Modify,Dalila Carnley  ,pf2057s6k7@gmail.com,DAL,2019-07-14T16:21:00.000+05:30
352,2019-07-19T12:07:00.000+05:30,8OYCN7,Cancel,Hector Laidlaw  ,wi44byaahi@hotmail.com,DAL,2019-07-06T12:16:00.000+05:30
353,2019-07-20T09:55:00.000+05:30,Q7LF6O,Book,Owen Hackett  ,oll3mjmhya@gmail.com,SQC,2019-07-09T05:19:00.000+05:30
354,2019-07-28T12:13:00.000+05:30,SOHZWD,Book,Ouida Sylvester  ,irrn3kgmrp@gmail.com,DLH,2019-07-12T15:02:00.000+05:30
355,2019-07-28T01:06:00.000+05:30,M2AJM1,Cancel,Melisa Stith  ,nf6vjmvq3u@hotmail.com,COA,2019-07-01T05:21:00.000+05:30
356,2019-07-24T11:10:00.000+05:30,TROXDJ,Cancel,Vanessa Evens  ,r0nib58ues@hotmail.com,QFA,2019-07-09T19:25:00.000+05:30
357,2019-07-23T09:57:00.000+05:30,BWOXNP,Cancel,Barrie Soriano  ,02fyv0lywm@gmail.com,DLH,2019-07-02T23:46:00.000+05:30
358,2019-07-17T06:53:00.000+05:30,7F8G4E,Modify,Antione Brandes  ,5unv3obf98@gmail.com,DLH,2019-07-07T07:06:00.000+05:30
359,2019-07-26T19:59:00.000+05:30,T8S99J,Book,Denisse Puthoff  ,ws3md53nzx@yahoo.com,QFA,2019-07-13T15:10:00.000+05:30
360,2019-07-26T10:19:00.000+05:30,E0S449,Book,Whitney Cottle  ,i976svfu04@yahoo.com,SQC,2019-07-09T04:38:00.000+05:30
361,2019-07-20T10:24:00.000+05:30,79NCAW,Book,Cicely Sappington  ,i69sqtje0f@yahoo.com,DLH,2019-07-05T18:54:00.000+05:30
362,2019-07-30T17:21:00.000+05:30,EY9ZX9,Cancel,Corinne Lebaron  ,k1w8oyb9r5@hotmail.com,SQC,2019-07-05T04:41:00.000+05:30
363,2019-07-16T13:36:00.000+05:30,X9Z94R,Book,Mariko Verrett  ,pluwev5of4@yahoo.com,DLH,2019-07-11T03:21:00.000+05:30
364,2019-07-17T12:47:00.000+05:30,H9HTYO,Cancel,Rosalind Underwood  ,jbx8iiocqs@gmail.com,QFA,2019-07-02T21:39:00.000+05:30
365,2019-07-28T05:28:00.000+05:30,HBTZ5C,Cancel,Adrien Reichling  ,u0a89baq6r@gmail.com,QFA,2019-07-02T06:39:00.000+05:30
366,2019-07-19T21:25:00.000+05:30,XJ9VJI,Modify,Lory Ruyle  ,5jx5minl7o@hotmail.com,SQC,2019-07-14T21:39:00.000+05:30
367,2019-07-27T19:48:00.000+05:30,F6NUWO,Cancel,Kieth Agron  ,trhbukz11c@yahoo.com,DAL,2019-07-09T22:46:00.000+05:30
368,2019-07-30T15:40:00.000+05:30,0UDFOD,Modify,Marta Greenblatt  ,uf4a3vdlxb@gmail.com,DLH,2019-07-02T22:12:00.000+05:30
369,2019-07-22T10:50:00.000+05:30,BLPP0N,Modify,Reiko Ransom  ,e31tnvrqvu@hotmail.com,SQC,2019-07-14T10:11:00.000+05:30
370,2019-07-21T14:36:00.000+05:30,B435SH,Cancel,Shera Schartz  ,3gnc7zxpkz@hotmail.com,DAL,2019-07-06T01:07:00.000+05:30
371,2019-07-29T00:31:00.000+05:30,DLI1X7,Modify,Lorenza Long  ,seqeo8hg8c@hotmail.com,DAL,2019-07-12T03:01:00.000+05:30
372,2019-07-29T13:40:00.000+05:30,6OU9O4,Modify,Quentin Kestler  ,af4c6oe2dx@hotmail.com,DAL,2019-07-14T07:18:00.000+05:30
373,2019-07-23T17:03:00.000+05:30,U9KH7V,Cancel,Almeda Fiorentino  ,i273fcqadd@yahoo.com,DLH,2019-07-04T20:25:00.000+05:30
374,2019-07-21T18:19:00.000+05:30,M52406,Modify,Evelyne Wiren  ,kce5996laq@yahoo.com,SQC,2019-07-02T13:48:00.000+05:30
375,2019-07-30T08:08:00.000+05:30,5OJDWC,Modify,Rosalyn Degeorge  ,cgyout85ab@gmail.com,COA,2019-07-01T19:51:00.000+05:30
376,2019-07-30T12:34:00.000+05:30,7BF4PZ,Cancel,Eddie Gibney  ,zfwyr2qi92@yahoo.com,DAL,2019-07-11T15:53:00.000+05:30
377,2019-07-17T19:10:00.000+05:30,V1FWAL,Cancel,Stevie Breed  ,r2hksqn85a@hotmail.com,SQC,2019-07-12T00:36:00.000+05:30
378,2019-07-22T18:40:00.000+05:30,DP5QSF,Modify,Fiona Micek  ,1nmaowe0kk@gmail.com,DAL,2019-07-10T11:06:00.000+05:30
379,2019-07-25T21:36:00.000+05:30,8866R2,Modify,Petronila Caston  ,g6tolfgvw9@hotmail.com,SQC,2019-07-11T00:47:00.000+05:30
380,2019-07-29T18:45:00.000+05:30,1XUVKB,Book,Angelina Lindemann  ,c714e4f1r1@yahoo.com,DAL,2019-07-06T08:20:00.000+05:30
381,2019-07-19T19:10:00.000+05:30,PDGQZ1,Modify,Tamesha Neidert  ,7c7svjdi46@yahoo.com,COA,2019-07-07T13:12:00.000+05:30
382,2019-07-19T14:07:00.000+05:30,9L9DQX,Modify,Mira Pietila  ,kdn4moikjr@hotmail.com,COA,2019-07-07T05:35:00.000+05:30
383,2019-07-18T02:27:00.000+05:30,ZSP7DG,Book,Hilario Shadle  ,vo2zr6mz8n@gmail.com,DAL,2019-07-07T01:11:00.000+05:30
384,2019-07-29T21:31:00.000+05:30,BCJX2U,Cancel,So Basile  ,mqdgmh9z4d@yahoo.com,DLH,2019-07-11T15:50:00.000+05:30
385,2019-07-17T05:31:00.000+05:30,ZACDRV,Book,Bonita Hadnott  ,rt8e2ix4tq@hotmail.com,DAL,2019-07-07T11:56:00.000+05:30
386,2019-07-19T06:41:00.000+05:30,Y7M464,Modify,Carin Nicholls  ,3gkir54qnk@yahoo.com,DAL,2019-07-11T06:15:00.000+05:30
387,2019-07-22T22:35:00.000+05:30,FJF8BP,Modify,Leanne Devino  ,6jd82iagbx@yahoo.com,DLH,2019-07-12T09:56:00.000+05:30
388,2019-07-19T08:34:00.000+05:30,Y5TSNL,Cancel,Alexander Pinnock  ,0vu43sj60h@yahoo.com,QFA,2019-07-05T17:05:00.000+05:30
389,2019-07-23T11:28:00.000+05:30,DNEJSJ,Cancel,Cira Bartolomeo  ,chp27zc8ui@hotmail.com,SQC,2019-07-10T15:57:00.000+05:30
390,2019-07-19T04:01:00.000+05:30,VSWI5E,Cancel,Rolando Dunn  ,pftxk77uvx@yahoo.com,QFA,2019-07-12T03:36:00.000+05:30
391,2019-07-28T17:10:00.000+05:30,2D2HT4,Modify,Debera Ek  ,9517bswud1@gmail.com,DLH,2019-07-03T15:27:00.000+05:30
392,2019-07-24T09:19:00.000+05:30,1L5J90,Book,Madeline Spanos  ,2p9xy8vrt6@hotmail.com,DAL,2019-07-06T14:44:00.000+05:30
393,2019-07-27T20:42:00.000+05:30,BZZMO1,Cancel,Gonzalo Plourde  ,94umxhh527@hotmail.com,COA,2019-07-07T04:53:00.000+05:30
394,2019-07-30T20:56:00.000+05:30,X7PVZ2,Book,Sergio Rainwater  ,wu9hng051v@yahoo.com,QFA,2019-07-15T15:03:00.000+05:30
395,2019-07-20T08:27:00.000+05:30,MYX696,Book,Buena Henkel  ,fhvstvkfyw@gmail.com,DAL,2019-07-03T01:34:00.000+05:30
396,2019-07-30T03:34:00.000+05:30,LSGH2Z,Book,Zelda Ullery  ,s61b321bw5@gmail.com,QFA,2019-07-13T18:06:00.000+05:30
397,2019-07-18T16:31:00.000+05:30,ZKPC62,Modify,Herma Ingerson  ,gnp2yanbue@gmail.com,COA,2019-07-07T21:43:00.000+05:30
398,2019-07-25T17:07:00.000+05:30,G6O05C,Modify,Gary Mysliwiec  ,wyozzzpu34@gmail.com,QFA,2019-07-03T23:38:00.000+05:30
399,2019-07-21T22:43:00.000+05:30,RT838L,Book,Hoyt Stwart,sdu2ilu6c1@yahoo.com,DLH,2019-07-11T08:31:00.000+05:30
400,2019-07-23T02:27:00.000+05:30,DLEKCU,Cancel,Kirstin Wachter  ,6l4ed9nxuj@hotmail.com,DAL,2019-07-07T16:45:00.000+05:30
401,2019-07-26T22:10:00.000+05:30,UKR631,Cancel,Landon Tardugno  ,tuxjbykhex@yahoo.com,QFA,2019-07-12T06:31:00.000+05:30
402,2019-07-28T22:03:00.000+05:30,T7SP2E,Book,Beverlee Scribner  ,v1pv8pa3em@yahoo.com,COA,2019-07-04T09:24:00.000+05:30
403,2019-07-30T23:20:00.000+05:30,16H568,Cancel,Kira Karle  ,ka1acbisr1@hotmail.com,COA,2019-07-03T09:38:00.000+05:30
404,2019-07-29T22:56:00.000+05:30,IMQW2F,Book,Page Fewell  ,88k01uy3te@gmail.com,DAL,2019-07-03T10:52:00.000+05:30
405,2019-07-18T03:40:00.000+05:30,NY7ZW4,Cancel,Charleen Kettler  ,folfnrzl2h@yahoo.com,DLH,2019-07-04T22:49:00.000+05:30
406,2019-07-23T01:40:00.000+05:30,7OS3UH,Modify,Desmond Veilleux  ,b4kbyza3z0@gmail.com,QFA,2019-07-08T09:13:00.000+05:30
407,2019-07-16T10:02:00.000+05:30,I8JS4B,Cancel,Van Cox  ,9p7yigbrq3@gmail.com,DLH,2019-07-10T10:05:00.000+05:30
408,2019-07-20T17:22:00.000+05:30,JIDGY1,Book,Margy Bradshaw  ,fqfowlqyte@yahoo.com,COA,2019-07-10T12:25:00.000+05:30
409,2019-07-17T22:33:00.000+05:30,1I4JP9,Cancel,Anibal Madrid  ,szzdldmwk6@gmail.com,COA,2019-07-03T08:13:00.000+05:30
410,2019-07-27T08:02:00.000+05:30,KU8G3R,Modify,Natisha Donelson  ,afxa02k1t8@gmail.com,DAL,2019-07-03T20:37:00.000+05:30
411,2019-07-18T02:06:00.000+05:30,NY4MLA,Cancel,Al Roughton  ,1mtusysb9l@gmail.com,COA,2019-07-08T10:48:00.000+05:30
412,2019-07-24T07:28:00.000+05:30,ZNYDZM,Modify,Anamaria Devalle  ,xplsjhx2v4@hotmail.com,QFA,2019-07-15T08:04:00.000+05:30
413,2019-07-20T01:49:00.000+05:30,F03ZW8,Book,Keshia Thackston  ,9wbaw8txb0@hotmail.com,DLH,2019-07-02T22:52:00.000+05:30
414,2019-07-26T10:31:00.000+05:30,7T0KPL,Modify,Louise Imler  ,lujjps5860@hotmail.com,DLH,2019-07-08T00:10:00.000+05:30
415,2019-07-20T13:24:00.000+05:30,1CYZCY,Cancel,Dorcas Pearlman  ,y8l0sz3k6j@gmail.com,DLH,2019-07-05T02:26:00.000+05:30
416,2019-07-25T16:55:00.000+05:30,6EWNBK,Modify,Macy Abbot  ,w9hfu8ioit@gmail.com,QFA,2019-07-05T21:07:00.000+05:30
417,2019-07-26T07:00:00.000+05:30,R3BDZL,Book,Linwood Jester  ,6ikdr9dkng@yahoo.com,SQC,2019-07-04T16:34:00.000+05:30
418,2019-07-30T19:27:00.000+05:30,QPH9MC,Modify,Sally Ebersole  ,9m4k4xx3se@gmail.com,COA,2019-07-07T21:05:00.000+05:30
419,2019-07-20T20:19:00.000+05:30,492E2G,Modify,Hiram Northup  ,7dfu69nhg8@gmail.com,COA,2019-07-09T08:29:00.000+05:30
420,2019-07-19T02:14:00.000+05:30,33RL41,Book,Dillon Jefferies  ,plsl0t8msp@gmail.com,DAL,2019-07-05T02:30:00.000+05:30
421,2019-07-21T05:24:00.000+05:30,AE1ABS,Cancel,Antone Mcsweeney  ,989778d46w@gmail.com,SQC,2019-07-15T14:15:00.000+05:30
422,2019-07-19T23:53:00.000+05:30,PLRYKK,Cancel,Jayne Tomberlin  ,no5thtg38a@gmail.com,DLH,2019-07-12T01:17:00.000+05:30
423,2019-07-25T20:28:00.000+05:30,4K51AB,Book,Royce Murff  ,j0422q1vem@hotmail.com,DAL,2019-07-01T18:07:00.000+05:30
424,2019-07-22T15:14:00.000+05:30,41LG9P,Book,Cathi Daigle  ,9de303fcus@gmail.com,DAL,2019-07-07T07:23:00.000+05:30
425,2019-07-18T19:45:00.000+05:30,BINA08,Book,Francis Gilreath  ,ri7o8bu70b@yahoo.com,DLH,2019-07-15T12:05:00.000+05:30
426,2019-07-28T02:33:00.000+05:30,GH19YX,Cancel,Irvin Stutts  ,sdkkavrx50@yahoo.com,COA,2019-07-05T03:30:00.000+05:30
427,2019-07-20T09:23:00.000+05:30,Q5QH1I,Modify,Ruthie Hower  ,eu9u62riyz@gmail.com,SQC,2019-07-05T13:44:00.000+05:30
428,2019-07-26T05:02:00.000+05:30,SK3T1Z,Modify,Nelson Maske  ,be2qs6s0y2@hotmail.com,DLH,2019-07-08T19:22:00.000+05:30
429,2019-07-20T01:43:00.000+05:30,246GJ7,Modify,Barbara Vause  ,v7c65rpz0o@yahoo.com,DLH,2019-07-02T01:16:00.000+05:30
430,2019-07-28T10:15:00.000+05:30,XHWFKB,Cancel,Dahlia Sesco  ,pvlyr34ils@yahoo.com,DLH,2019-07-08T12:15:00.000+05:30
431,2019-07-17T02:40:00.000+05:30,UWI0QE,Book,Silvia Uy  ,9sso93041d@hotmail.com,DAL,2019-07-07T04:52:00.000+05:30
432,2019-07-25T00:25:00.000+05:30,J0Y640,Modify,Ira Hurston  ,r483j44hyc@gmail.com,COA,2019-07-03T14:50:00.000+05:30
433,2019-07-19T01:08:00.000+05:30,EWBYNY,Book,Hannelore Lecompte  ,x6ffw9b08j@gmail.com,COA,2019-07-05T12:25:00.000+05:30
434,2019-07-24T14:38:00.000+05:30,DRHVCU,Modify,Charlott Hartt  ,opm6xpvw8a@hotmail.com,SQC,2019-07-04T16:14:00.000+05:30
435,2019-07-20T13:06:00.000+05:30,GVO9WV,Cancel,Mimi Gillogly  ,xlzlajfdt9@gmail.com,DAL,2019-07-03T20:36:00.000+05:30
436,2019-07-22T05:12:00.000+05:30,OU5J7M,Book,Chiquita Hogg  ,r3rt0c6efl@hotmail.com,QFA,2019-07-15T00:02:00.000+05:30
437,2019-07-22T07:58:00.000+05:30,LM0K3Q,Book,Gregory Colon  ,suwpajkdyj@hotmail.com,QFA,2019-07-05T04:00:00.000+05:30
438,2019-07-30T23:59:00.000+05:30,6KXT6U,Cancel,Sherell Munz  ,ferb3i2in6@yahoo.com,COA,2019-07-04T01:06:00.000+05:30
439,2019-07-20T17:02:00.000+05:30,C24RZC,Cancel,Annice Mcmurray  ,r763naw0wu@gmail.com,QFA,2019-07-08T15:18:00.000+05:30
440,2019-07-23T16:52:00.000+05:30,XM8WVF,Book,Micaela Bibb  ,9kuiv7d32j@yahoo.com,COA,2019-07-11T11:11:00.000+05:30
441,2019-07-28T09:44:00.000+05:30,58G4ET,Cancel,Calvin Campana  ,ypoq8wbo8y@gmail.com,COA,2019-07-02T11:39:00.000+05:30
442,2019-07-18T22:32:00.000+05:30,OAGNQY,Book,Elizabeth Carolan  ,ktti0jgypo@yahoo.com,DLH,2019-07-09T17:08:00.000+05:30
443,2019-07-20T13:03:00.000+05:30,XSPD2Q,Book,Kiana Darnall  ,1ii5o7dtov@yahoo.com,COA,2019-07-08T13:23:00.000+05:30
444,2019-07-27T19:17:00.000+05:30,C1JS9U,Cancel,Kasha Urick  ,11ktsklrx7@gmail.com,SQC,2019-07-06T16:50:00.000+05:30
445,2019-07-16T06:37:00.000+05:30,LRJ7QL,Modify,Carry Aten  ,ytur6th2x8@gmail.com,COA,2019-07-11T00:08:00.000+05:30
446,2019-07-23T17:00:00.000+05:30,TFVM64,Cancel,Karisa Libbey  ,qw0u6k38oy@yahoo.com,DLH,2019-07-15T06:11:00.000+05:30
447,2019-07-24T06:27:00.000+05:30,ZEOXQJ,Modify,Minna Prosser  ,5pqaoekkpw@hotmail.com,QFA,2019-07-05T06:33:00.000+05:30
448,2019-07-20T11:14:00.000+05:30,00JR14,Book,Ferne Blunt  ,7pyex91gmf@gmail.com,DLH,2019-07-03T22:14:00.000+05:30
449,2019-07-30T00:30:00.000+05:30,5F4JKF,Modify,Elana Borland,oehm69nc7k@hotmail.com,DLH,2019-07-10T21:02:00.000+05:30
450,2019-07-24T17:27:00.000+05:30,3QNAZO,Cancel,Irena Armentrout  ,z1qm5m5nov@gmail.com,COA,2019-07-04T23:20:00.000+05:30
451,2019-07-23T23:27:00.000+05:30,IHSQTW,Cancel,Marleen Perrodin  ,zuzncyv9qz@gmail.com,SQC,2019-07-07T22:33:00.000+05:30
452,2019-07-21T07:13:00.000+05:30,ZK3ZXE,Book,Jennie Froman  ,93j12mv0rc@hotmail.com,SQC,2019-07-06T19:18:00.000+05:30
453,2019-07-24T21:21:00.000+05:30,OP7KHX,Book,Justin Whitby  ,jchqdgtwm9@hotmail.com,COA,2019-07-07T08:10:00.000+05:30
454,2019-07-28T11:59:00.000+05:30,85D1QA,Book,Kelvin Dungy  ,yqe3ujswua@hotmail.com,DLH,2019-07-13T20:02:00.000+05:30
455,2019-07-16T05:05:00.000+05:30,CUN06J,Cancel,Dell Agarwal  ,2iky1cyya8@hotmail.com,DAL,2019-07-10T20:13:00.000+05:30
456,2019-07-17T03:04:00.000+05:30,W1RQRM,Modify,Ming Tyrell  ,mh7my46851@yahoo.com,DLH,2019-07-10T08:05:00.000+05:30
457,2019-07-16T14:47:00.000+05:30,CACZ1R,Modify,Esta Bridge  ,soa44cdqmh@gmail.com,DAL,2019-07-06T14:29:00.000+05:30
458,2019-07-23T02:31:00.000+05:30,YVUNS0,Book,Graham Leddy  ,9z4rngw5ou@gmail.com,SQC,2019-07-13T16:12:00.000+05:30
459,2019-07-27T04:03:00.000+05:30,5L1JHV,Book,Tera Glandon  ,z5qkz1qxo7@yahoo.com,SQC,2019-07-01T08:41:00.000+05:30
460,2019-07-16T09:49:00.000+05:30,R01XZR,Cancel,Mickey Biddy  ,oj24mrju0y@hotmail.com,COA,2019-07-06T00:40:00.000+05:30
461,2019-07-18T21:20:00.000+05:30,G5UBHT,Book,Davida Cassinelli  ,u6ohf0mmkn@hotmail.com,DLH,2019-07-02T04:50:00.000+05:30
462,2019-07-16T06:41:00.000+05:30,UDKU8F,Modify,Tabatha Nickels  ,pyl6zfsw96@hotmail.com,QFA,2019-07-12T10:44:00.000+05:30
463,2019-07-29T14:27:00.000+05:30,3356Y0,Book,Birgit Lewellen  ,krihpyzmhj@yahoo.com,SQC,2019-07-09T07:07:00.000+05:30
464,2019-07-27T10:24:00.000+05:30,WENPPP,Modify,Angelic Lehmann  ,6q1tlnzidh@hotmail.com,QFA,2019-07-14T10:55:00.000+05:30
465,2019-07-16T22:58:00.000+05:30,6J2BH7,Cancel,Dewey Derryberry  ,kxj71btz7z@hotmail.com,SQC,2019-07-15T23:19:00.000+05:30
466,2019-07-30T22:02:00.000+05:30,3GVSLJ,Modify,Socorro Yantis  ,les7du39mt@gmail.com,QFA,2019-07-03T00:05:00.000+05:30
467,2019-07-25T17:38:00.000+05:30,KZUB8T,Book,Elizbeth Kogut  ,7aeg319rpg@yahoo.com,DLH,2019-07-07T20:34:00.000+05:30
468,2019-07-18T20:12:00.000+05:30,JDUV9C,Book,Heather Chien  ,k2w16mpxbg@yahoo.com,SQC,2019-07-09T22:21:00.000+05:30
469,2019-07-25T03:21:00.000+05:30,E2QO3A,Book,Tora Aman  ,hppewhq1y3@yahoo.com,DLH,2019-07-11T20:18:00.000+05:30
470,2019-07-23T14:19:00.000+05:30,688LJS,Cancel,Dot Goehring  ,zbutqzhqxc@hotmail.com,DLH,2019-07-12T20:06:00.000+05:30
471,2019-07-27T13:09:00.000+05:30,3D0I4V,Modify,Luanne Rainville  ,6a6zwtka5b@gmail.com,QFA,2019-07-14T19:06:00.000+05:30
472,2019-07-26T17:58:00.000+05:30,PHPI6J,Cancel,Marcelo Passmore  ,4csitntp7s@gmail.com,QFA,2019-07-10T18:17:00.000+05:30
473,2019-07-25T02:17:00.000+05:30,GQ7FAN,Cancel,Dione Whisler  ,4ooucglr1h@hotmail.com,QFA,2019-07-12T11:13:00.000+05:30
474,2019-07-19T15:04:00.000+05:30,V8LXRA,Cancel,Elvira Pines  ,1apcsoieu9@yahoo.com,DLH,2019-07-02T05:52:00.000+05:30
475,2019-07-20T05:17:00.000+05:30,2NQVBM,Book,Leila Earnest  ,tfr8vv9gl2@yahoo.com,DAL,2019-07-15T16:13:00.000+05:30
476,2019-07-30T01:14:00.000+05:30,ZRCGQ8,Cancel,Marvis Satter  ,cw63af5o1t@gmail.com,SQC,2019-07-12T17:07:00.000+05:30
477,2019-07-23T07:20:00.000+05:30,XXNHX9,Book,Michell Kirkham  ,9tf7dlsywz@hotmail.com,DAL,2019-07-07T14:12:00.000+05:30
478,2019-07-17T15:12:00.000+05:30,REMGPM,Book,Myrtice Kearse  ,581b9n9yqa@hotmail.com,COA,2019-07-01T06:19:00.000+05:30
479,2019-07-19T16:21:00.000+05:30,FNPS88,Cancel,Rashida Younts  ,xww93gpu7y@hotmail.com,QFA,2019-07-15T10:46:00.000+05:30
480,2019-07-21T18:08:00.000+05:30,9KAVZH,Modify,See Sinegal  ,81l21x2lo1@yahoo.com,QFA,2019-07-02T20:00:00.000+05:30
481,2019-07-30T04:14:00.000+05:30,FFJ8GD,Cancel,Adrien Rucker  ,8j4xz4l8fg@gmail.com,SQC,2019-07-06T12:06:00.000+05:30
482,2019-07-18T09:17:00.000+05:30,82ZFFY,Modify,Lien Muhammad  ,gswn37am1y@yahoo.com,COA,2019-07-12T10:10:00.000+05:30
483,2019-07-23T16:37:00.000+05:30,NOEATT,Modify,Kimber Bennetts  ,y3yw9v4fos@yahoo.com,DAL,2019-07-08T10:34:00.000+05:30
484,2019-07-23T10:06:00.000+05:30,LPNREF,Book,Genevive Sagers  ,imdxfu9g5i@hotmail.com,COA,2019-07-11T20:46:00.000+05:30
485,2019-07-28T15:52:00.000+05:30,EIQ0QM,Cancel,Julia Truman  ,6228dn4478@yahoo.com,DLH,2019-07-05T01:46:00.000+05:30
486,2019-07-24T13:09:00.000+05:30,62M786,Cancel,Denae Allison  ,vwmkumbai8@hotmail.com,SQC,2019-07-01T19:01:00.000+05:30
487,2019-07-28T07:06:00.000+05:30,CIFNAB,Modify,Iliana Swearingen  ,b2rvz7cikr@gmail.com,SQC,2019-07-10T07:47:00.000+05:30
488,2019-07-21T15:23:00.000+05:30,UKJGMB,Book,Christia Claypoole  ,yjin08fczd@gmail.com,DLH,2019-07-15T04:35:00.000+05:30
489,2019-07-17T04:25:00.000+05:30,SZWNS2,Modify,Marget Ronk  ,d4abdry0xn@yahoo.com,DAL,2019-07-12T18:28:00.000+05:30
490,2019-07-19T01:58:00.000+05:30,PR1SKR,Cancel,Antonetta Paetzold  ,kajozt0kev@yahoo.com,QFA,2019-07-02T06:22:00.000+05:30
491,2019-07-25T11:00:00.000+05:30,2ERXVN,Book,Melina Body  ,o4aq1onvpp@hotmail.com,SQC,2019-07-06T13:12:00.000+05:30
492,2019-07-30T22:32:00.000+05:30,MY89CN,Book,Jade Dirks  ,nbdjwz5ibh@yahoo.com,QFA,2019-07-02T19:37:00.000+05:30
493,2019-07-25T18:35:00.000+05:30,13M3J5,Book,Celesta Sparks  ,hgg6iixaii@yahoo.com,COA,2019-07-08T19:28:00.000+05:30
494,2019-07-18T21:25:00.000+05:30,1ZNDTW,Modify,Kasey Borjas  ,63q00tsmy6@gmail.com,COA,2019-07-01T02:31:00.000+05:30
495,2019-07-29T14:23:00.000+05:30,652GPL,Book,Meg Lamagna  ,97j0lahp8v@yahoo.com,DLH,2019-07-10T00:50:00.000+05:30
496,2019-07-16T01:06:00.000+05:30,ZAGU12,Modify,Josephina Luu  ,bjhcvclggv@yahoo.com,QFA,2019-07-04T06:03:00.000+05:30
497,2019-07-16T06:06:00.000+05:30,MPXRQV,Book,Julie Burtch  ,t8jthy1ags@hotmail.com,QFA,2019-07-08T16:29:00.000+05:30
498,2019-07-26T09:05:00.000+05:30,96VR0G,Modify,Rosalind Morrill  ,zbw2v7mhga@hotmail.com,QFA,2019-07-05T02:40:00.000+05:30
499,2019-07-28T15:17:00.000+05:30,L7XGIZ,Cancel,Dimple Blackledge,1n97m99p3a@yahoo.com,COA,2019-07-03T13:36:00.000+05:30
